"date","isk.volume"
2009-12-01,2074605696382
2009-12-02,5647207580697
2009-12-03,4788467947883
2009-12-04,5006040485918
2009-12-05,5167663037564
2009-12-06,5783289978836
2009-12-07,5022167544150
2009-12-08,4617776714941
2009-12-09,4820129719998
2009-12-10,4736297685081
2009-12-11,4736180327144
2009-12-12,5452986425165
2009-12-13,5727386570754
2009-12-14,5195604745859
2009-12-15,4739320340891
2009-12-16,4958027084906
2009-12-17,4868040752262
2009-12-18,4819967724949
2009-12-19,5867957576404
2009-12-20,5986772690166
2009-12-21,5370351510205
2009-12-22,5434890437865
2009-12-23,5110354048313
2009-12-24,4655657919976
2009-12-25,4231841282982
2009-12-26,4971732202874
2009-12-27,5300184060948
2009-12-28,5286513410053
2009-12-29,5114915040285
2009-12-30,5148304713670
2009-12-31,4557507413926
2010-01-01,4762713607918
2010-01-02,5587989767462
2010-01-03,5694885394207
2010-01-04,5234414244274
2010-01-05,5246477163034
2010-01-06,5356350358028
2010-01-07,5276881501450
2010-01-08,5444466654500
2010-01-09,5874103143533
2010-01-10,6021907227730
2010-01-11,5272626138828
2010-01-12,4948510282816
2010-01-13,4891610429971
2010-01-14,4942993358677
2010-01-15,5325230254827
2010-01-16,5736966611396
2010-01-17,6195372634110
2010-01-18,5314253237742
2010-01-19,5042879159443
2010-01-20,5130836357552
2010-01-21,4394425980651
2010-01-22,5129818943156
2010-01-23,6007922534000
2010-01-24,6175604978941
2010-01-25,5343288690045
2010-01-26,5118387105812
2010-01-27,5112890895147
2010-01-28,4658317664037
2010-01-29,5293940295338
2010-01-30,6188528095456
2010-01-31,6404486996438
2010-02-01,5556886078226
2010-02-02,5262359684458
2010-02-03,5261678769300
2010-02-04,5391928566936
2010-02-05,5520895995048
2010-02-06,6449753258054
2010-02-07,6407174463477
2010-02-08,5314459126164
2010-02-09,5201891177330
2010-02-10,5239532507773
2010-02-11,5183410368031
2010-02-12,5184987651518
2010-02-13,5915827068002
2010-02-14,5740476085739
2010-02-15,5273439287880
2010-02-16,4996325147357
2010-02-17,4950658328186
2010-02-18,5068802616244
2010-02-19,5254341430098
2010-02-20,5956838632334
2010-02-21,6161223926714
2010-02-22,5495113520046
2010-02-23,5249226030937
2010-02-24,5175806527487
2010-02-25,5155148622181
2010-02-26,5381666997621
2010-02-27,6173025180719
2010-02-28,5925404088140
2010-03-01,5243499098385
2010-03-02,5278339444760
2010-03-03,4958516724957
2010-03-04,4978473405990
2010-03-05,5346298233162
2010-03-06,5833368222079
2010-03-07,6101351825567
2010-03-08,5198425960239
2010-03-09,4870400082626
2010-03-10,5016237045444
2010-03-11,4921939410835
2010-03-12,5238185869051
2010-03-13,5875769620795
2010-03-14,6002526178929
2010-03-15,5331601309099
2010-03-16,5090055631684
2010-03-17,4934272981132
2010-03-18,5047489398482
2010-03-19,4910229742952
2010-03-20,5864243233692
2010-03-21,5945248775189
2010-03-22,5100119420895
2010-03-23,4902042372236
2010-03-24,4964335570315
2010-03-25,4992972926600
2010-03-26,5082282639573
2010-03-27,5578510181556
2010-03-28,6053196438824
2010-03-29,5393925605081
2010-03-30,5876316760238
2010-03-31,5221296519260
2010-04-01,5380032321445
2010-04-02,5699755807450
2010-04-03,5867771361461
2010-04-04,5505566312589
2010-04-05,5719218424185
2010-04-06,5314433824102
2010-04-07,5317441413268
2010-04-08,5025941788943
2010-04-09,5131765739427
2010-04-10,5942042178755
2010-04-11,5927529273329
2010-04-12,5211836076676
2010-04-13,4911286332656
2010-04-14,5000909858267
2010-04-15,4836307584266
2010-04-16,5093858723345
2010-04-17,5772176267789
2010-04-18,6015049068020
2010-04-19,5306126424209
2010-04-20,5088127643075
2010-04-21,5226251743054
2010-04-22,5164365122932
2010-04-23,5279390988898
2010-04-24,5761905544831
2010-04-25,6078752223498
2010-04-26,5367838696511
2010-04-27,5099178561813
2010-04-28,5239335362268
2010-04-29,5285419755421
2010-04-30,5275315322375
2010-05-01,5796932331790
2010-05-02,6006798405774
2010-05-03,5794695027900
2010-05-04,5036145611521
2010-05-05,5088656802114
2010-05-06,5351435923957
2010-05-07,3495669118815
2010-05-08,6250711433714
2010-05-09,5828077530235
2010-05-10,5309575059886
2010-05-11,5265150124655
2010-05-12,5498140889897
2010-05-13,5644550040192
2010-05-14,6128187150442
2010-05-15,5899017016299
2010-05-16,6085721369240
2010-05-17,5472087477077
2010-05-18,5505584220199
2010-05-19,5453673336500
2010-05-20,5273024760607
2010-05-21,5185597787302
2010-05-22,5700951544811
2010-05-23,5881379381209
2010-05-24,5686748052222
2010-05-25,5406894501085
2010-05-26,1781727124728
2010-05-27,6414751559982
2010-05-28,6352271209389
2010-05-29,6646551478899
2010-05-30,6164156927627
2010-05-31,5963234085281
2010-06-01,5557133979689
2010-06-02,5677338610344
2010-06-03,5492095602643
2010-06-04,5339068082676
2010-06-05,5696025081248
2010-06-06,5921808753522
2010-06-07,5570312166963
2010-06-08,5987978352386
2010-06-09,5477981789614
2010-06-10,5153765304527
2010-06-11,5011753267110
2010-06-12,5562573856709
2010-06-13,6017245648021
2010-06-14,5386714343820
2010-06-15,5074727177684
2010-06-16,5266409450299
2010-06-17,5100701125422
2010-06-18,5118214663087
2010-06-19,5699164029469
2010-06-20,6021093131343
2010-06-21,5506853953922
2010-06-22,5232791269355
2010-06-23,1596118896043
2010-06-24,2715458477407
2010-06-25,5637836629138
2010-06-26,5460495913468
2010-06-27,5747374937635
2010-06-28,5103966104219
2010-06-29,4399118648952
2010-06-30,5687046119931
2010-07-01,5143406431320
2010-07-02,5183575316821
2010-07-03,5632686984709
2010-07-04,6018023759936
2010-07-05,5895935660381
2010-07-06,5490646195510
2010-07-07,5298184291914
2010-07-08,5339516451062
2010-07-09,5516796390494
2010-07-10,5913272002706
2010-07-11,5924814299674
2010-07-12,5227628978348
2010-07-13,5003266092281
2010-07-14,5208974862109
2010-07-15,4991046464247
2010-07-16,5098874983331
2010-07-17,5748104164504
2010-07-18,6053013346391
2010-07-19,5372240098056
2010-07-20,5380896997322
2010-07-21,5364008858188
2010-07-22,5336974481166
2010-07-23,5263190568611
2010-07-24,5801810011802
2010-07-25,5956782874712
2010-07-26,5438447366086
2010-07-27,5162137668139
2010-07-28,5004480934883
2010-07-29,4956805076664
2010-07-30,5096672953913
2010-07-31,5709415652249
2010-08-01,5617644067120
2010-08-02,5026491771430
2010-08-03,5185717889526
2010-08-04,5239420530588
2010-08-05,5011028930433
2010-08-06,5239601750356
2010-08-07,5386866277134
2010-08-08,5828244660222
2010-08-09,5194252433489
2010-08-10,5264125467979
2010-08-11,5381645386484
2010-08-12,4849483287020
2010-08-13,5310337137515
2010-08-14,5693339956478
2010-08-15,5747822054917
2010-08-16,5138960816039
2010-08-17,4746159796253
2010-08-18,4373117759806
2010-08-19,4957878693303
2010-08-20,4921341425011
2010-08-21,5862235453897
2010-08-22,6190291974751
2010-08-23,5401417296263
2010-08-24,4981189757520
2010-08-25,5019282083907
2010-08-26,5391662259865
2010-08-27,5444218964489
2010-08-28,5918682159649
2010-08-29,6092765634842
2010-08-30,5381872176598
2010-08-31,5293013295424
2010-09-01,5277039809068
2010-09-02,5109893638184
2010-09-03,5475056915249
2010-09-04,6033250071640
2010-09-05,6302619980472
2010-09-06,5742844659520
2010-09-07,5709954274225
2010-09-08,5145755097619
2010-09-09,5124437964048
2010-09-10,5620307078929
2010-09-11,6184081790498
2010-09-12,6301491841983
2010-09-13,5305087954830
2010-09-14,5067791894585
2010-09-15,5087276078964
2010-09-16,5236620421538
2010-09-17,5205321378840
2010-09-18,6269823162621
2010-09-19,6662324024050
2010-09-20,5618739384532
2010-09-21,5426528355545
2010-09-22,5404217388958
2010-09-23,5332897740883
2010-09-24,5616598299128
2010-09-25,6049188108197
2010-09-26,6281247402894
2010-09-27,5391252133634
2010-09-28,5047945838282
2010-09-29,5180896070392
2010-09-30,3454816330724
2010-10-01,5516632732663
2010-10-02,6079105282696
2010-10-03,6218441545475
2010-10-04,5354077644078
2010-10-05,5149770455950
2010-10-06,5324207725477
2010-10-07,5248090524967
2010-10-08,5508622186322
2010-10-09,6448393929698
2010-10-10,6193813106547
2010-10-11,5686690764770
2010-10-12,5419158242172
2010-10-13,5523629809480
2010-10-14,5393465428878
2010-10-15,5896788271136
2010-10-16,6272990847296
2010-10-17,6251810464539
2010-10-18,5650515229877
2010-10-19,5378036756117
2010-10-20,5201711546218
2010-10-21,5202983829913
2010-10-22,5488531533187
2010-10-23,6292516694741
2010-10-24,6227543908478
2010-10-25,5531731858345
2010-10-26,5217979145584
2010-10-27,5111994409785
2010-10-28,5087278827852
2010-10-29,5531253610747
2010-10-30,6131518883321
2010-10-31,6110657489203
2010-11-01,5550332542924
2010-11-02,3373604963725
2010-11-03,5544384854841
2010-11-04,5548467522757
2010-11-05,5802914535179
2010-11-06,6399575513788
2010-11-07,7789626818300
2010-11-08,5859968817544
2010-11-09,5962337843770
2010-11-10,5660428160754
2010-11-11,5980313350980
2010-11-12,5819158760629
2010-11-13,6840244816415
2010-11-14,6745735651802
2010-11-15,5945555812070
2010-11-16,5646753574145
2010-11-17,5713621526361
2010-11-18,5604481445687
2010-11-19,5783557856720
2010-11-20,6754577315074
2010-11-21,7065493615401
2010-11-22,6007467502894
2010-11-23,5983686138731
2010-11-24,5925509960827
2010-11-25,5780828714506
2010-11-26,5610930666193
2010-11-27,6813245098500
2010-11-28,6818983339954
2010-11-29,6017190887137
2010-11-30,8438082026066
2010-12-01,8446529198433
2010-12-02,6872962737353
2010-12-03,6804487580904
2010-12-04,7552643403029
2010-12-05,7683665221403
2010-12-06,6723215554564
2010-12-07,6238239024334
2010-12-08,6182602900266
2010-12-09,6029157952565
2010-12-10,5918931402649
2010-12-11,7011698093512
2010-12-12,7031713911965
2010-12-13,6533773900722
2010-12-14,6328991009036
2010-12-15,8008122804642
2010-12-16,9327352618202
2010-12-17,8312638662890
2010-12-18,8612474790191
2010-12-19,9036184978614
2010-12-20,7571561268499
2010-12-21,7396550058050
2010-12-22,7372142960942
2010-12-23,7364495103625
2010-12-24,7102114027222
2010-12-25,6564756560075
2010-12-26,7056695679951
2010-12-27,7300809284134
2010-12-28,7614928385730
2010-12-29,7179724100026
2010-12-30,7480554425771
2010-12-31,6725174544276
2011-01-01,6705453945553
2011-01-02,8324934882340
2011-01-03,7950627865227
2011-01-04,7580825809229
2011-01-05,7359671875467
2011-01-06,7385022096603
2011-01-07,7380843439594
2011-01-08,8466661942248
2011-01-09,8875737883918
2011-01-10,7637090263571
2011-01-11,7002525952431
2011-01-12,7196884746423
2011-01-13,7249193857869
2011-01-14,7373548326624
2011-01-15,8629724584931
2011-01-16,8675767976378
2011-01-17,7533269924211
2011-01-18,3649303084547
2011-01-19,6433058252531
2011-01-20,6676651576830
2011-01-21,6669540317550
2011-01-22,8595207819493
2011-01-23,8632875007270
2011-01-24,7556987158594
2011-01-25,7808526609761
2011-01-26,7409500196714
2011-01-27,6731220510742
2011-01-28,7984224978795
2011-01-29,8388075505201
2011-01-30,8602573713178
2011-01-31,7577936514196
2011-02-01,6917039332284
2011-02-02,7523656443631
2011-02-03,7026645987297
2011-02-04,7612704058123
2011-02-05,8828503722922
2011-02-06,8774496424800
2011-02-07,7441476050763
2011-02-08,7200676992051
2011-02-09,7216934650604
2011-02-10,7158253439685
2011-02-11,7631369751067
2011-02-12,8593062053163
2011-02-13,8745160418393
2011-02-14,7250756148818
2011-02-15,7023875548207
2011-02-16,7291341608840
2011-02-17,7055723638353
2011-02-18,7598556197687
2011-02-19,8412186401112
2011-02-20,8675754214855
2011-02-21,7634345344715
2011-02-22,7005877695521
2011-02-23,6247489915915
2011-02-24,6861366166975
2011-02-25,7117327842582
2011-02-26,8353081088986
2011-02-27,8752852628430
2011-02-28,7799868326507
2011-03-01,7256956432454
2011-03-02,7491927725269
2011-03-03,7338044154725
2011-03-04,7191087458660
2011-03-05,8379684683639
2011-03-06,8548814926824
2011-03-07,7299235477846
2011-03-08,6674659130019
2011-03-09,6719121218783
2011-03-10,6701321486404
2011-03-11,6897178513682
2011-03-12,8336526570978
2011-03-13,8397090964577
2011-03-14,7355394646529
2011-03-15,6798096754786
2011-03-16,6806895806791
2011-03-17,6845618163766
2011-03-18,7162277154903
2011-03-19,8182823939546
2011-03-20,8706856778873
2011-03-21,7208233029040
2011-03-22,7036092094805
2011-03-23,6940178150617
2011-03-24,6926283984347
2011-03-25,7107089126114
2011-03-26,7802020291798
2011-03-27,8077427790789
2011-03-28,7155312601086
2011-03-29,6847205152471
2011-03-30,7019172670565
2011-03-31,7243966698406
2011-04-01,7095027419025
2011-04-02,7956671718899
2011-04-03,8557839584884
2011-04-04,7353334221277
2011-04-05,6986709419717
2011-04-06,3784294963307
2011-04-07,6738846627637
2011-04-08,7010234042356
2011-04-09,7988481374879
2011-04-10,8266808633643
2011-04-11,7012913146440
2011-04-12,6651944349585
2011-04-13,6927597574381
2011-04-14,6891182915250
2011-04-15,7408148626967
2011-04-16,8168040848676
2011-04-17,8559964942425
2011-04-18,7131285021486
2011-04-19,6992366353253
2011-04-20,6883968625298
2011-04-21,7164905077952
2011-04-22,7783605747708
2011-04-23,7786060785279
2011-04-24,7593133876056
2011-04-25,7585260276089
2011-04-26,7373860890367
2011-04-27,7410181510038
2011-04-28,6922121525575
2011-04-29,7465417349907
2011-04-30,7944389457108
2011-05-01,7799840670532
2011-05-02,7410390628288
2011-05-03,6910080751580
2011-05-04,6677087674809
2011-05-05,6721993586668
2011-05-06,6901621378539
2011-05-07,7665297067113
2011-05-08,7555345213486
2011-05-09,6402340744666
2011-05-10,6891822643836
2011-05-11,6888235301997
2011-05-12,6957372207699
2011-05-13,7261437670646
2011-05-14,7925414208364
2011-05-15,8474387614445
2011-05-16,7088405888993
2011-05-17,7162456393836
2011-05-18,6860610947600
2011-05-19,5125853239403
2011-05-20,7443027463332
2011-05-21,8188890251457
2011-05-22,8271400995874
2011-05-23,7295621481166
2011-05-24,7184745739890
2011-05-25,7118343652207
2011-05-26,6919903656484
2011-05-27,8046539161155
2011-05-28,8426675520758
2011-05-29,8482414233219
2011-05-30,7931885121152
2011-05-31,4470294427288
2011-06-01,7670968360696
2011-06-02,8383051840737
2011-06-03,7434110431390
2011-06-04,8118501906401
2011-06-05,8134858552074
2011-06-06,7433334975077
2011-06-07,6567637114693
2011-06-08,7208989474933
2011-06-09,7635212784278
2011-06-10,7040707441556
2011-06-11,8726423483910
2011-06-12,9046878596826
2011-06-13,8502952277822
2011-06-14,4714447151192
2011-06-15,7324005120501
2011-06-16,7570540367320
2011-06-17,7799842066575
2011-06-18,8491313399352
2011-06-19,8647483723479
2011-06-20,8093982343141
2011-06-21,2298193829437
2011-06-22,8738091497167
2011-06-23,7858504509844
2011-06-24,7466109399054
2011-06-25,8152811071571
2011-06-26,8976937171658
2011-06-27,7674506435148
2011-06-28,6443844901755
2011-06-29,7624223477736
2011-06-30,7560532046088
2011-07-01,7617401114973
2011-07-02,7759267918350
2011-07-03,8224148064004
2011-07-04,7485653310754
2011-07-05,6589033847494
2011-07-06,6764799526818
2011-07-07,7200813580071
2011-07-08,7041489120888
2011-07-09,7973437204201
2011-07-10,8085357643004
2011-07-11,7119141144352
2011-07-12,6910483411299
2011-07-13,6564725535764
2011-07-14,7051627741183
2011-07-15,7035039054502
2011-07-16,7420905885188
2011-07-17,8638933260888
2011-07-18,7264149269489
2011-07-19,7159632601509
2011-07-20,7227616409521
2011-07-21,7106829811238
2011-07-22,7289888535645
2011-07-23,8195357543128
2011-07-24,8545252961227
2011-07-25,7639956718534
2011-07-26,7375434446135
2011-07-27,6865218224786
2011-07-28,7103032682924
2011-07-29,7268926970587
2011-07-30,8125593735383
2011-07-31,8178630763577
2011-08-01,7520839094942
2011-08-02,7283363426643
2011-08-03,7443942933840
2011-08-04,7269746720851
2011-08-05,7475510883506
2011-08-06,7990203601841
2011-08-07,8428764242889
2011-08-08,7408513823793
2011-08-09,7342813662066
2011-08-10,6852085132674
2011-08-11,7027015735678
2011-08-12,7208373365483
2011-08-13,8009212202329
2011-08-14,8106211181517
2011-08-15,7986901987433
2011-08-16,7457380656476
2011-08-17,7265295037930
2011-08-18,7045518492605
2011-08-19,7272410307559
2011-08-20,7764611070269
2011-08-21,8480874156013
2011-08-22,7199902394342
2011-08-23,6984798780495
2011-08-24,6994038461211
2011-08-25,6992320639111
2011-08-26,6993625188761
2011-08-27,8011171775634
2011-08-28,8070677660426
2011-08-29,7431312012171
2011-08-30,6984663010445
2011-08-31,7049867430798
2011-09-01,5906843402508
2011-09-02,7424800805280
2011-09-03,8697901524025
2011-09-04,8736151023544
2011-09-05,8382136851996
2011-09-06,6975827483455
2011-09-07,6967543348849
2011-09-08,7018203650999
2011-09-09,6841028420562
2011-09-10,8037712879986
2011-09-11,8272909228649
2011-09-12,6921965817594
2011-09-13,6297462428130
2011-09-14,7162686404657
2011-09-15,6876560957834
2011-09-16,7308852591085
2011-09-17,7926349227211
2011-09-18,8347465638727
2011-09-19,7009036927614
2011-09-20,6981086328571
2011-09-21,6995878193441
2011-09-22,7268558525952
2011-09-23,7195239320495
2011-09-24,7973932214541
2011-09-25,8641139222177
2011-09-26,7295497424481
2011-09-27,6883033132791
2011-09-28,6688636653394
2011-09-29,6966987511600
2011-09-30,7987533271460
2011-10-01,8746780935198
2011-10-02,8564351812035
2011-10-03,7814314527886
2011-10-04,7469159503749
2011-10-05,7399928785016
2011-10-06,7063229231719
2011-10-07,7805987549644
2011-10-08,7757039245444
2011-10-09,8925385906879
2011-10-10,7952817555052
2011-10-11,7696917666793
2011-10-12,7410705399968
2011-10-13,7669460425143
2011-10-14,7888072707953
2011-10-15,9461324860436
2011-10-16,9485426412060
2011-10-17,7570307586085
2011-10-18,7379609278568
2011-10-19,7704987288256
2011-10-20,7712174638863
2011-10-21,7898227175982
2011-10-22,8941503146779
2011-10-23,9101161661931
2011-10-24,7901703437423
2011-10-25,7532122715125
2011-10-26,7360472106086
2011-10-27,6890161001247
2011-10-28,7657548536483
2011-10-29,8680110770939
2011-10-30,8994012353678
2011-10-31,8144990466570
2011-11-01,8335268751617
2011-11-02,7758582047216
2011-11-03,8363652866527
2011-11-04,8443526665698
2011-11-05,9444827327848
2011-11-06,9064527392161
2011-11-07,8521170003401
2011-11-08,8092803472707
2011-11-09,7824116560424
2011-11-10,7637200210921
2011-11-11,7710604429143
2011-11-12,8459101619881
2011-11-13,8528846390692
2011-11-14,8211163814110
2011-11-15,8135635062882
2011-11-16,7995904030517
2011-11-17,7761007210267
2011-11-18,8183761653891
2011-11-19,9273089144577
2011-11-20,9577151459010
2011-11-21,7875842330682
2011-11-22,8220057982958
2011-11-23,7612232894690
2011-11-24,7872062499891
2011-11-25,7997274272789
2011-11-26,9196585148798
2011-11-27,9042491994653
2011-11-28,8373404376212
2011-11-29,11424747826924
2011-11-30,13012285357587
2011-12-01,11127787458431
2011-12-02,10443977630286
2011-12-03,12118258357505
2011-12-04,11936608884974
2011-12-05,10105233109162
2011-12-06,9096629721592
2011-12-07,9411718242857
2011-12-08,9485763068827
2011-12-09,9467971066382
2011-12-10,10330275275113
2011-12-11,10874679350049
2011-12-12,9419392781556
2011-12-13,8850473694154
2011-12-14,8130058951885
2011-12-15,8668365748741
2011-12-16,8961081003336
2011-12-17,10359381452035
2011-12-18,10455961537112
2011-12-19,8447876813234
2011-12-20,9294979396665
2011-12-21,9111146043266
2011-12-22,8837222505395
2011-12-23,9227823027868
2011-12-24,8491424453184
2011-12-25,7597031742923
2011-12-26,8141615190546
2011-12-27,8475555590055
2011-12-28,8919955380309
2011-12-29,9271340947364
2011-12-30,9114776047310
2011-12-31,8099211993416
2012-01-01,8324590993428
2012-01-02,9814280953661
2012-01-03,9304189660062
2012-01-04,9310336175436
2012-01-05,8834349247408
2012-01-06,9208654232923
2012-01-07,10086752332526
2012-01-08,10635547901011
2012-01-09,9067387118464
2012-01-10,9117915855167
2012-01-11,9275097649493
2012-01-12,9052816784430
2012-01-13,9389293299269
2012-01-14,10715278012868
2012-01-15,10779075288144
2012-01-16,9516124505678
2012-01-17,9568641134975
2012-01-18,8864756071817
2012-01-19,9260265486872
2012-01-20,9426869340559
2012-01-21,11279497680594
2012-01-22,11373518266377
2012-01-23,9748921597874
2012-01-24,8854200221937
2012-01-25,9476824189993
2012-01-26,9489798174967
2012-01-27,9865428396041
2012-01-28,10913190411870
2012-01-29,11647900198794
2012-01-30,9655474729952
2012-01-31,9929020035241
2012-02-01,9725511023218
2012-02-02,9917297191166
2012-02-03,9877965873408
2012-02-04,11394241953826
2012-02-05,11427720641560
2012-02-06,9463979879541
2012-02-07,9702216938382
2012-02-08,9719265943537
2012-02-09,9719697431008
2012-02-10,10855429689001
2012-02-11,12895006641926
2012-02-12,13649865927134
2012-02-13,11205804884510
2012-02-14,10188840665476
2012-02-15,9937941717131
2012-02-16,9997340434312
2012-02-17,10105624778238
2012-02-18,11784151730553
2012-02-19,12257697196081
2012-02-20,10652314785897
2012-02-21,9690361786578
2012-02-22,9933878262713
2012-02-23,10287764280936
2012-02-24,10482771527614
2012-02-25,12197359777926
2012-02-26,12240537527015
2012-02-27,10603748196136
2012-02-28,10113391155510
2012-02-29,10419215187559
2012-03-01,10593087966781
2012-03-02,10819825945224
2012-03-03,12403212392011
2012-03-04,12711653615535
2012-03-05,10449409043079
2012-03-06,9784574620681
2012-03-07,9818375589479
2012-03-08,9938392186743
2012-03-09,11075709930271
2012-03-10,11900897248502
2012-03-11,13579989581775
2012-03-12,11157157556163
2012-03-13,9311897871306
2012-03-14,9272796276241
2012-03-15,10235117420113
2012-03-16,10399339439547
2012-03-17,11892932680670
2012-03-18,11414549615455
2012-03-19,10424660284637
2012-03-20,9716819035058
2012-03-21,10232620834764
2012-03-22,10232963777613
2012-03-23,10549127254565
2012-03-24,13632193943062
2012-03-25,12316729530069
2012-03-26,11271832002224
2012-03-27,11059098963112
2012-03-28,9860593637769
2012-03-29,11472387712449
2012-03-30,11622357419466
2012-03-31,13393577075343
2012-04-01,13822093190234
2012-04-02,11900589907931
2012-04-03,10925935614211
2012-04-04,11320535297293
2012-04-05,11851081229215
2012-04-06,13188940019202
2012-04-07,13055631151693
2012-04-08,12809021749253
2012-04-09,13433126744071
2012-04-10,11161427107820
2012-04-11,13759991474413
2012-04-12,12379480492812
2012-04-13,11916991607719
2012-04-14,13510385267687
2012-04-15,12977188562674
2012-04-16,11458190387904
2012-04-17,11074316242430
2012-04-18,10296171050440
2012-04-19,10583488745093
2012-04-20,10702429166202
2012-04-21,12267475803149
2012-04-22,12434930400898
2012-04-23,11762651526960
2012-04-24,11317294097145
2012-04-25,11863448934094
2012-04-26,11447451330482
2012-04-27,9011781582399
2012-04-28,9502485017694
2012-04-29,10950544990635
2012-04-30,11388596481253
2012-05-01,12974061347244
2012-05-02,11770415107829
2012-05-03,12430726036328
2012-05-04,12629517691590
2012-05-05,13753060875642
2012-05-06,13987518821541
2012-05-07,12505872666972
2012-05-08,11452089983414
2012-05-09,11026077151281
2012-05-10,11226486246785
2012-05-11,11211721209517
2012-05-12,12750301278381
2012-05-13,13069135515015
2012-05-14,11075330762812
2012-05-15,9928455319624
2012-05-16,9276605294198
2012-05-17,9782402339680
2012-05-18,9593059725943
2012-05-19,10772683492463
2012-05-20,11317527922878
2012-05-21,9675292286827
2012-05-22,8059319164688
2012-05-23,9426581964445
2012-05-24,10448107059171
2012-05-25,10048089962018
2012-05-26,11437509820321
2012-05-27,11871445273174
2012-05-28,11104848643704
2012-05-29,10252383120556
2012-05-30,10196611015519.7
2012-05-31,10051146368527.9
2012-06-01,10466655076150.3
2012-06-02,11482546442264.7
2012-06-03,12199856679525.1
2012-06-04,10198818119439.8
2012-06-05,10424377386760.5
2012-06-06,9907857292067.49
2012-06-07,9797423356170.41
2012-06-08,10775974119200.3
2012-06-09,11020582401298.5
2012-06-10,11787406510325.3
2012-06-11,10357400063848.4
2012-06-12,10161422882037.6
2012-06-13,9667406227960.13
2012-06-14,10183372070396.9
2012-06-15,9943479143406.58
2012-06-16,11775599187374.3
2012-06-17,12336982778062.6
2012-06-18,10038132363863.8
2012-06-19,9767415891984.19
2012-06-20,10632780259587.5
2012-06-21,10481881200579.4
2012-06-22,10238845225871.8
2012-06-23,10988116405249.7
2012-06-24,11966450043174.9
2012-06-25,9833147849847.41
2012-06-26,10125127777268.2
2012-06-27,10137786697317.3
2012-06-28,9789946317539.96
2012-06-29,11208966294600.6
2012-06-30,12699036094887.8
2012-07-01,12975842712524.9
2012-07-02,11300465741088.2
2012-07-03,11687049753823.8
2012-07-04,11248181448895.6
2012-07-05,10255897081107
2012-07-06,11382305711972
2012-07-07,12369501345855.1
2012-07-08,13044294414594.1
2012-07-09,10689462861008.7
2012-07-10,11455602331601.6
2012-07-11,10831688695643.3
2012-07-12,10460267809802.8
2012-07-13,10887286719022.5
2012-07-14,11980104915827
2012-07-15,12428948505810.3
2012-07-16,10863080869940.5
2012-07-17,11000746565962.5
2012-07-18,10533449015030.6
2012-07-19,11301445241186.9
2012-07-20,11145731653413.4
2012-07-21,13315412183580.6
2012-07-22,13296493900541.8
2012-07-23,11691215708945.4
2012-07-24,10876609415764.2
2012-07-25,11027737557113.1
2012-07-26,10862748844597.2
2012-07-27,11145998401223.7
2012-07-28,11819881921937.8
2012-07-29,12091492676906
2012-07-30,10669194980139.8
2012-07-31,11475145141366
2012-08-01,11416058408496.5
2012-08-02,10805253768726.2
2012-08-03,10569117132451.4
2012-08-04,12754202477972.4
2012-08-05,12881917788900.2
2012-08-06,11503891056997.6
2012-08-07,11527564291411.8
2012-08-08,11883495516190.3
2012-08-09,11876264943281.7
2012-08-10,11253289522023
2012-08-11,12482042923585.6
2012-08-12,13092047507222.6
2012-08-13,11275313659216.3
2012-08-14,10893315446189.4
2012-08-15,11464146009011
2012-08-16,11225242045108.8
2012-08-17,11553640578339
2012-08-18,12338679966577.3
2012-08-19,12731666220332.9
2012-08-20,11334281120444.5
2012-08-21,11715664884654.4
2012-08-22,10758469763261.5
2012-08-23,11082287513508.2
2012-08-24,10994556081570.7
2012-08-25,12461837340409.9
2012-08-26,13152859716583.4
2012-08-27,11007287751888.5
2012-08-28,10348871354062.8
2012-08-29,10128341593850.2
2012-08-30,9891394464055.97
2012-08-31,11228928763569.2
2012-09-01,12206558079636.1
2012-09-02,12304052534486.8
2012-09-03,11679489193776.3
2012-09-04,10754110866260.6
2012-09-05,10127810990917.1
2012-09-06,9909436973388.99
2012-09-07,10297837216604.4
2012-09-08,11360230993395.4
2012-09-09,11966614593230.1
2012-09-10,10685003438519
2012-09-11,10434335617867.9
2012-09-12,10948762201116.4
2012-09-13,9566424369062.55
2012-09-14,11225385939199
2012-09-15,12960989581864.2
2012-09-16,13048545515200.5
2012-09-17,11139197400619.8
2012-09-18,10194491314626.4
2012-09-19,10325771756949.8
2012-09-20,9971350461991.77
2012-09-21,9854155756890.97
2012-09-22,11282712322339.1
2012-09-23,12668060384922.9
2012-09-24,10852330553738.4
2012-09-25,10214532259394.4
2012-09-26,9686868304017.19
2012-09-27,10219210404669
2012-09-28,10243900589662.4
2012-09-29,12085027580253
2012-09-30,12733643006243.4
2012-10-01,11418389581092
2012-10-02,10158319653665.6
2012-10-03,10407896020253.1
2012-10-04,10114115003146.2
2012-10-05,11488384725854.1
2012-10-06,12412055825061.8
2012-10-07,12578948885204.6
2012-10-08,11431930179262.6
2012-10-09,10364077164098.5
2012-10-10,10595997147494.2
2012-10-11,11336469124504
2012-10-12,11159785977358.5
2012-10-13,12940165668976.7
2012-10-14,12788960922453.5
2012-10-15,11414205073045.4
2012-10-16,9002070251207.74
2012-10-17,9912784820677.21
2012-10-18,10268973553731.4
2012-10-19,11129181766250.2
2012-10-20,13236979358877.4
2012-10-21,12982789700985.1
2012-10-22,11838194121845.7
2012-10-23,11645443731373
2012-10-24,11264107587816.5
2012-10-25,10391678096276.7
2012-10-26,11083895242264.1
2012-10-27,12775285377664.9
2012-10-28,12893573769001.9
2012-10-29,11330821193033.9
2012-10-30,11239578700014.2
2012-10-31,10799831959428.8
2012-11-01,10948364405860.4
2012-11-02,11139179652158.6
2012-11-03,13460300847317.4
2012-11-04,12368050226935.1
2012-11-05,10814755159831.5
2012-11-06,10934528587188.6
2012-11-07,10517812012595.7
2012-11-08,10445873805828.5
2012-11-09,11588199400519.7
2012-11-10,12827783572151.6
2012-11-11,13641080694685.1
2012-11-12,11624888226399.4
2012-11-13,10910348981985.8
2012-11-14,10445235538981.7
2012-11-15,10535997230650.4
2012-11-16,10074292160182.6
2012-11-17,12598677252139.5
2012-11-18,12907724845026.9
2012-11-19,11083745641267.1
2012-11-20,10924055714894.9
2012-11-21,10592825514840.1
2012-11-22,10762505922714.6
2012-11-23,12633720287106.4
2012-11-24,14013212763574.5
2012-11-25,14091046927408.4
2012-11-26,11553995621933.5
2012-11-27,11508538035373.3
2012-11-28,11199140646510
2012-11-29,10775714543177.3
2012-11-30,11428632504233.2
2012-12-01,13432767708255
2012-12-02,13836892388560.9
2012-12-03,11919658832537.3
2012-12-04,12273659130028.1
2012-12-05,13050155471788.7
2012-12-06,12454859233458.3
2012-12-07,12779829654881.3
2012-12-08,15305752689927.9
2012-12-09,16060231321035.4
2012-12-10,12995184834012.1
2012-12-11,12926339608837.8
2012-12-12,12508568712179.6
2012-12-13,12743760260482.9
2012-12-14,12940229189926.5
2012-12-15,14821943415936.4
2012-12-16,15081879606080.5
2012-12-17,12928304521866.1
2012-12-18,12606508089388.9
2012-12-19,12298163021599.7
2012-12-20,13221473829986.7
2012-12-21,13339180042014.5
2012-12-22,15440813534377.3
2012-12-23,15006941505075
2012-12-24,12841030972488.8
2012-12-25,11398753397630.2
2012-12-26,12588878202831.2
2012-12-27,13507863043040.5
2012-12-28,14257456211037.3
2012-12-29,14362281301824.5
2012-12-30,15083586936533.3
2012-12-31,12759387911116.1
2013-01-01,13134884074425.4
2013-01-02,14549923343008.8
2013-01-03,14689008002961.2
2013-01-04,14280996107666
2013-01-05,15272629439099.9
2013-01-06,15350849144797.9
2013-01-07,13670908484340.6
2013-01-08,12970256857985.2
2013-01-09,12588039999525.1
2013-01-10,10775201729116.9
2013-01-11,13845798944312
2013-01-12,15843689520992
2013-01-13,15617093608332
2013-01-14,13473625451381.8
2013-01-15,12657283021157.4
2013-01-16,12570681497373.2
2013-01-17,12755790714836.2
2013-01-18,13783299675170.5
2013-01-19,15165547774281.8
2013-01-20,15788745602155.3
2013-01-21,14761201845818.6
2013-01-22,13093504847684.1
2013-01-23,13337566500420.7
2013-01-24,13683119084947
2013-01-25,14186252079133.5
2013-01-26,15707676436863.5
2013-01-27,17012761707714.1
2013-01-28,14129829354624.2
2013-01-29,14042928767011.1
2013-01-30,13943084108259.1
2013-01-31,14019499815042.3
2013-02-01,13915622782773.6
2013-02-02,15608225061929.8
2013-02-03,16907661539441.3
2013-02-04,13931659471347.2
2013-02-05,13696514100646.3
2013-02-06,13325104155421.1
2013-02-07,13437068368643.3
2013-02-08,13909709603799.6
2013-02-09,15782625197082.7
2013-02-10,16337711329811.1
2013-02-11,14241842714780.1
2013-02-12,13485198194541.8
2013-02-13,13373694937921.5
2013-02-14,12623676612535.8
2013-02-15,13735497236214.7
2013-02-16,15759403479058.3
2013-02-17,16771463514735.6
2013-02-18,14964887347024.2
2013-02-19,13505804871634.2
2013-02-20,13457155640485.7
2013-02-21,13996743131330
2013-02-22,14445807325538
2013-02-23,16872137790341.8
2013-02-24,17115450276150.3
2013-02-25,14034509813409.7
2013-02-26,13387401767052.1
2013-02-27,13793136302365
2013-02-28,13323288929741.3
2013-03-01,13319903834395.2
2013-03-02,15538583327687.3
2013-03-03,16041967837443.6
2013-03-04,13375157211883.8
2013-03-05,12385457264733.3
2013-03-06,12590380823013.5
2013-03-07,12140190247262.8
2013-03-08,12658435208571.2
2013-03-09,14065180029097.3
2013-03-10,14999989166749.1
2013-03-11,13211603982862.8
2013-03-12,12369611653046.7
2013-03-13,11705394544953
2013-03-14,12100107270645.6
2013-03-15,12845080341670.6
2013-03-16,14421778774730.5
2013-03-17,14335195402101.2
2013-03-18,12668013553599.4
2013-03-19,12086567334318
2013-03-20,12379669702343.5
2013-03-21,12632167272557.8
2013-03-22,12726657528107
2013-03-23,14742108615634.9
2013-03-24,15601430194767.4
2013-03-25,13538637042854.9
2013-03-26,12372030665126.9
2013-03-27,12729144333322.3
2013-03-28,12902128861334.4
2013-03-29,15003145616926.1
2013-03-30,14509131862214.5
2013-03-31,14859037496677.4
2013-04-01,13698087803636.1
2013-04-02,12111663040549.4
2013-04-03,12328912411069.1
2013-04-04,12505492202658
2013-04-05,12219683196607
2013-04-06,14407285859673.7
2013-04-07,14942762548651.3
2013-04-08,12352576010228
2013-04-09,12165976920568.5
2013-04-10,12034832300115.2
2013-04-11,12792327779362.5
2013-04-12,12310914364564
2013-04-13,13988032810601.7
2013-04-14,15036520351302.2
2013-04-15,12510964437022.3
2013-04-16,12080863324423.8
2013-04-17,12763387568242.8
2013-04-18,12155612793972.1
2013-04-19,11322464376305.3
2013-04-20,10790457718075.2
2013-04-21,11125010972479.2
2013-04-22,11658921880298.6
2013-04-23,12009019871198.4
2013-04-24,12650824992920.9
2013-04-25,12948029379039.1
2013-04-26,14951140037307.7
2013-04-27,15947962137107.7
2013-04-28,16306356061646.9
2013-04-29,13847339097775.4
2013-04-30,13172644157629.2
2013-05-01,14262465173359.7
2013-05-02,13080141665928.2
2013-05-03,13733354298003.7
2013-05-04,15504588049691.1
2013-05-05,15012814163396.4
2013-05-06,14378982601386.6
2013-05-07,15843077940286.4
2013-05-08,14810905701351.4
2013-05-09,14695252909929.7
2013-05-10,15525964212448.2
2013-05-11,15367394823427.6
2013-05-12,15904551022408.3
2013-05-13,14298947257242.9
2013-05-14,14649746764955.9
2013-05-15,14217099251041.1
2013-05-16,13760957441575.5
2013-05-17,13424278167008.9
2013-05-18,15615067402780.2
2013-05-19,16007425484421
2013-05-20,14946806967993.9
2013-05-21,12006473312484.1
2013-05-22,13302891099595.1
2013-05-23,13812065721427.3
2013-05-24,14404466174946.5
2013-05-25,15342533227507.8
2013-05-26,15381566132765
2013-05-27,14469865476753.3
2013-05-28,13964424006680
2013-05-29,13890840204027.5
2013-05-30,13870162982101.2
2013-05-31,13789167196776.6
2013-06-01,16035117635225
2013-06-02,7590981957225.03
2013-06-03,13283550547741.9
2013-06-04,15733305098294.7
2013-06-05,16900601308885.1
2013-06-06,16429727778789.3
2013-06-07,16886090003265.5
2013-06-08,18585262840626.8
2013-06-09,18514384922970.4
2013-06-10,15752455050034.3
2013-06-11,15133655410291.3
2013-06-12,14266561696205.2
2013-06-13,14759003067693
2013-06-14,13902070836690.8
2013-06-15,16102188126843.9
2013-06-16,15974616795773.7
2013-06-17,14473353806557.6
2013-06-18,13178427190314.6
2013-06-19,13395492047068.5
2013-06-20,13115663301787
2013-06-21,13497642983374.4
2013-06-22,15124501639287
2013-06-23,15685541503988.4
2013-06-24,13843042072307.7
2013-06-25,13656783179311.6
2013-06-26,13192836658483.6
2013-06-27,12968016591527.9
2013-06-28,14280196434846.6
2013-06-29,15168888508250
2013-06-30,15745962006380.2
2013-07-01,14002013464099.1
2013-07-02,12547436666171.1
2013-07-03,13537842072376.9
2013-07-04,13498089870563.7
2013-07-05,13648594077001.5
2013-07-06,15019689193763.6
2013-07-07,15469055543190.6
2013-07-08,13318552962722.9
2013-07-09,13343338498401.2
2013-07-10,12908867227305.7
2013-07-11,12764622303521.3
2013-07-12,12815937945158.6
2013-07-13,13837531304192.5
2013-07-14,14068977313867.1
2013-07-15,12621011861322.3
2013-07-16,12344613962386
2013-07-17,11907742000964.8
2013-07-18,12202609356733.7
2013-07-19,12469816082952.5
2013-07-20,13679157940426.2
2013-07-21,14285619078753.2
2013-07-22,13035742427046.2
2013-07-23,13200135420793.3
2013-07-24,12501704964130.9
2013-07-25,12441013732540.5
2013-07-26,12921169595586.2
2013-07-27,14293740513529.6
2013-07-28,14447563705807.1
2013-07-29,13351745491868.9
2013-07-30,13437384615541.5
2013-07-31,12970849653861
2013-08-01,13547155927466.9
2013-08-02,14174973413451.7
2013-08-03,15682117611331.6
2013-08-04,16383194689134.5
2013-08-05,14488293537568.7
2013-08-06,14172063540198.5
2013-08-07,13542905934170.6
2013-08-08,13480406583626.7
2013-08-09,13703707571110.3
2013-08-10,14442486602178.2
2013-08-11,15172690974187.5
2013-08-12,12964600693168.5
2013-08-13,13139072483022.2
2013-08-14,12738647539788.3
2013-08-15,12520492214023.5
2013-08-16,13218508134473.4
2013-08-17,15638589173226
2013-08-18,14910337550844.2
2013-08-19,13323409533033.2
2013-08-20,12878076714038.8
2013-08-21,12417397089276.7
2013-08-22,12491194051729.1
2013-08-23,12666400716168.9
2013-08-24,14158382645389.6
2013-08-25,14828926786073.7
2013-08-26,12416658269773.6
2013-08-27,12555295357263.9
2013-08-28,12298350582511.1
2013-08-29,11415954966589.8
2013-08-30,12367853456521.5
2013-08-31,14033395321806.4
2013-09-01,14333599454513.1
2013-09-02,13002637736461.9
2013-09-03,11764531101326.5
2013-09-04,11895334159230.3
2013-09-05,11679720453761.5
2013-09-06,11785379505481
2013-09-07,13528024257569.9
2013-09-08,14206788018596.4
2013-09-09,12094213848982.1
2013-09-10,12331298538883.3
2013-09-11,11386581989495.7
2013-09-12,11552602807351.8
2013-09-13,11933513533426.8
2013-09-14,13907323134357.6
2013-09-15,14042468570716.7
2013-09-16,11613261547760.6
2013-09-17,11753278141368.4
2013-09-18,10986286678693.9
2013-09-19,11619473177539.1
2013-09-20,11341827823627.9
2013-09-21,13583419279297.8
2013-09-22,14241512619534.5
2013-09-23,12026955431333.1
2013-09-24,11564091596724
2013-09-25,11685707228058.5
2013-09-26,13402249361764
2013-09-27,14148146618284
2013-09-28,14838880304518.6
2013-09-29,15442776227158.8
2013-09-30,13163536524399.3
2013-10-01,12069390837863
2013-10-02,12409708487164.8
2013-10-03,12407008073922.3
2013-10-04,11971563868003.8
2013-10-05,13608533700832.6
2013-10-06,14675569567667.6
2013-10-07,11679326848225.3
2013-10-08,11737614183205.2
2013-10-09,11550239395163.9
2013-10-10,11936454812440.2
2013-10-11,12858006250766
2013-10-12,13577682285349.5
2013-10-13,14757665076400.5
2013-10-14,12707460244879.1
2013-10-15,11723574730779.4
2013-10-16,12086424310188.9
2013-10-17,12216117966964.7
2013-10-18,12468526555058.1
2013-10-19,13868138967264.2
2013-10-20,14459362956430.4
2013-10-21,12079018520234.7
2013-10-22,12136750710415.6
2013-10-23,12538666512810.7
2013-10-24,12213579578043.1
2013-10-25,12804224321326.1
2013-10-26,14455436122442.9
2013-10-27,16424392639647.4
2013-10-28,13034364485181
2013-10-29,12467764198316.6
2013-10-30,11859735860389.9
2013-10-31,12547281198096.3
2013-11-01,15841114626761.4
2013-11-02,16440792767976.9
2013-11-03,16459555383364.6
2013-11-04,14077147376890
2013-11-05,13085872850141.1
2013-11-06,13239414625388.1
2013-11-07,13388413323287.7
2013-11-08,13845731742063
2013-11-09,15000217714443.2
2013-11-10,15702128349426
2013-11-11,12891679585922.9
2013-11-12,12467931118537.2
2013-11-13,12007858727573.5
2013-11-14,12160968546470.5
2013-11-15,12210021319725.9
2013-11-16,14531871371377.2
2013-11-17,14994163167219.7
2013-11-18,13391155947816.4
2013-11-19,15540203501769.2
2013-11-20,17801006764801.2
2013-11-21,15395765299899.5
2013-11-22,15063811250240.1
2013-11-23,17703004051802.7
2013-11-24,17930137818338.8
2013-11-25,14333686827231
2013-11-26,13608940779220.7
2013-11-27,14062826544422.1
2013-11-28,13546638045284.5
2013-11-29,14473547611289.1
2013-11-30,17363441912454.2
2013-12-01,16763809479754.1
2013-12-02,13079224867389
2013-12-03,13400787750555.2
2013-12-04,13351912026263.8
2013-12-05,13462421936601.6
2013-12-06,14772398739410.2
2013-12-07,16724196582664.1
2013-12-08,16337928618680.3
2013-12-09,13868251343142
2013-12-10,12655676286133.6
2013-12-11,12161525675508.9
2013-12-12,12600634731338.2
2013-12-13,12525634802523.6
2013-12-14,14607552557914.3
2013-12-15,15506173054295.5
2013-12-16,13467261686255.4
2013-12-17,13107851456342.5
2013-12-18,13146423376554.9
2013-12-19,12487021777793.5
2013-12-20,13417462672548.6
2013-12-21,14926548530200.3
2013-12-22,15469678508647
2013-12-23,13410738925911.6
2013-12-24,12383453047962.5
2013-12-25,11669658839144.4
2013-12-26,13880940764436.1
2013-12-27,14319129870832.6
2013-12-28,14642125022726
2013-12-29,15101233906036.2
2013-12-30,14618752287217.6
2013-12-31,11863077731069
2014-01-01,14111847193646.6
2014-01-02,14245398415456.8
2014-01-03,14299468034714.7
2014-01-04,15607080914052
2014-01-05,15997321817373.4
2014-01-06,14294035302079.5
2014-01-07,12842603009286.8
2014-01-08,13289691588029.5
2014-01-09,13275172430362.8
2014-01-10,13429851004978.6
2014-01-11,15331444881000.2
2014-01-12,15741150153477.6
2014-01-13,12877820013460.9
2014-01-14,12415533624743.3
2014-01-15,12600655959370.3
2014-01-16,12198676024274.7
2014-01-17,13145210437891.2
2014-01-18,15113203468754.1
2014-01-19,15328277590503.4
2014-01-20,13483944180950.5
2014-01-21,12630808531465.4
2014-01-22,12579182564994.2
2014-01-23,12905188065262.3
2014-01-24,13168282450466.9
2014-01-25,14519811532807
2014-01-26,14948393502816.5
2014-01-27,13173003377865.8
2014-01-28,13666828622260.3
2014-01-29,14807260468590.9
2014-01-30,14521852802168.3
2014-01-31,15607842067256
2014-02-01,17682519562684.4
2014-02-02,18056475775193.5
2014-02-03,15227306165401.9
2014-02-04,14626800165188
2014-02-05,14682164053194
2014-02-06,14200167279550.8
2014-02-07,14789249789635.4
2014-02-08,17345885978217.6
2014-02-09,17337290960401.9
2014-02-10,14628687975188.6
2014-02-11,15262660338553
2014-02-12,15048250455607.5
2014-02-13,15160460030005.8
2014-02-14,14886335610561.5
2014-02-15,16414505377000.3
2014-02-16,17459805063169
2014-02-17,15065704341928.2
2014-02-18,13831581955781.4
2014-02-19,13307819851911.3
2014-02-20,13347613476413.1
2014-02-21,13678874511893.5
2014-02-22,17076852393367.5
2014-02-23,15860775494929.2
2014-02-24,13759847480159.2
2014-02-25,14072573135949.2
2014-02-26,13951474617232.2
2014-02-27,13867030819365.5
2014-02-28,14546195746452.1
2014-03-01,16491428824869.6
2014-03-02,16201982395669.3
2014-03-03,14478526085792.6
2014-03-04,13713692334512.2
2014-03-05,12995776264019.9
2014-03-06,13049624037108.8
2014-03-07,13542770827054.5
2014-03-08,15403607158123.6
2014-03-09,15884440100447.8
2014-03-10,13765511744316.3
2014-03-11,13383389745524.6
2014-03-12,11958765322732.6
2014-03-13,12793398399354.2
2014-03-14,13953005220436.4
2014-03-15,16000643784010.3
2014-03-16,16450900409862.8
2014-03-17,13577011684772
2014-03-18,12827977659487.6
2014-03-19,12611461446102.9
2014-03-20,12879687591015.7
2014-03-21,13223775793134.9
2014-03-22,15585340315165.5
2014-03-23,15918982795595.1
2014-03-24,13455885796259.6
2014-03-25,12353647395211.8
2014-03-26,12163775688992
2014-03-27,12824867588979
2014-03-28,13438090155207.5
2014-03-29,14945924914334.8
2014-03-30,14939110661956.8
2014-03-31,12858822672015.2
2014-04-01,12290423487765.7
2014-04-02,12330089469801.7
2014-04-03,12274314941093.1
2014-04-04,13105879535068.9
2014-04-05,14622914299090
2014-04-06,14879269735898.3
2014-04-07,12501057601993.9
2014-04-08,12106163506856.2
2014-04-09,11677138100885.1
2014-04-10,13001125964565.9
2014-04-11,12804862265901.2
2014-04-12,14438515698681
2014-04-13,15043843593650.1
2014-04-14,12059648683530.9
2014-04-15,12165944057049.5
2014-04-16,12103100655953.7
2014-04-17,12540777205580
2014-04-18,13500149085126.4
2014-04-19,13779704647991.3
2014-04-20,13112910716828.4
2014-04-21,12661129564910.4
2014-04-22,12131796415430.2
2014-04-23,12259847597884.4
2014-04-24,11987044718054.4
2014-04-25,9299869623784.39
2014-04-26,10302034619117.4
2014-04-27,10714466208143.8
2014-04-28,10244201737839.7
2014-04-29,13825518653087.8
2014-04-30,13938388785559
2014-05-01,16201155298384.3
2014-05-02,13961721650971.4
2014-05-03,15559920989732.2
2014-05-04,15925576546326.8
2014-05-05,14213608521715.7
2014-05-06,14716299474818
2014-05-07,14036129230876.3
2014-05-08,13814889520055
2014-05-09,14188739211286
2014-05-10,15701063586810.2
2014-05-11,15690514938840.4
2014-05-12,13424897256934.7
2014-05-13,13426634186874.4
2014-05-14,13599718852594.2
2014-05-15,13129835104594.1
2014-05-16,13648278248664
2014-05-17,14499074901474.1
2014-05-18,15909016031576.6
2014-05-19,13081305849357.7
2014-05-20,13013082745034.1
2014-05-21,13631631036459.4
2014-05-22,12784471322522.5
2014-05-23,12948782323999.4
2014-05-24,14539696601655.1
2014-05-25,14890202180820.4
2014-05-26,14153881819627.7
2014-05-27,12741882649666.6
2014-05-28,12680428661777.9
2014-05-29,13961242417590.4
2014-05-30,14081204510326.7
2014-05-31,15063568296938.7
2014-06-01,15534354986966.6
2014-06-02,14104577970924.5
2014-06-03,14723844395513.5
2014-06-04,16976984233922.9
2014-06-05,15020219526131
2014-06-06,15780915674633
2014-06-07,17013620131487.4
2014-06-08,17004434755648.7
2014-06-09,14996404405550.8
2014-06-10,13804165536938.2
2014-06-11,14200843301026.5
2014-06-12,13816296883425.7
2014-06-13,13418085764341.1
2014-06-14,15538230676316.5
2014-06-15,16419484174828.7
2014-06-16,13258994669346.5
2014-06-17,12742225136194.4
2014-06-18,12939467572455.2
2014-06-19,13900135466863.7
2014-06-20,13055594607949
2014-06-21,14627935949824
2014-06-22,15110371910052.7
2014-06-23,12798703617423.6
2014-06-24,12591220160182.9
2014-06-25,12801934717167
2014-06-26,11516890771359.8
2014-06-27,12065190321381.4
2014-06-28,14190666078534.4
2014-06-29,14518596865987.4
2014-06-30,12998318233349.1
2014-07-01,12080742244327.2
2014-07-02,12982553723852.9
2014-07-03,13217073327273.8
2014-07-04,13573150979219.2
2014-07-05,13540320140069
2014-07-06,14776315453240.9
2014-07-07,13951062830075.1
2014-07-08,13371628015117.4
2014-07-09,12895162874196.2
2014-07-10,13905358123373.9
2014-07-11,13551251776868.8
2014-07-12,15216243175382.2
2014-07-13,14895170234247
2014-07-14,12643802765883.1
2014-07-15,12797363516632.8
2014-07-16,12221351760867.7
2014-07-17,12513791184971.3
2014-07-18,12706869501429.8
2014-07-19,14459849983524.5
2014-07-20,14816523986114.6
2014-07-21,13419558281702.7
2014-07-22,13364630368649.6
2014-07-23,14176375539501.1
2014-07-24,13165388194877.5
2014-07-25,13170885185792.7
2014-07-26,15612057001210.5
2014-07-27,15546214853671.4
2014-07-28,13859538169464.2
2014-07-29,12701464589043.5
2014-07-30,12425388122677.7
2014-07-31,12785381339827.5
2014-08-01,13232509841243.8
2014-08-02,13925003300416.1
2014-08-03,14479381692542.1
2014-08-04,12475289634694
2014-08-05,12245504742732.8
2014-08-06,12114649309148.2
2014-08-07,11798555076799.3
2014-08-08,12704516425779.3
2014-08-09,14299068358784
2014-08-10,14504537124706.1
2014-08-11,12587974448488.4
2014-08-12,10822870243552.7
2014-08-13,12829321018191.9
2014-08-14,12734545375773.7
2014-08-15,13112481109817.3
2014-08-16,14209914084025.4
2014-08-17,15888253794631.3
2014-08-18,13134879691372
2014-08-19,12674093802761.7
2014-08-20,12232522631797.4
2014-08-21,10668080148108.4
2014-08-22,11578431998993.8
2014-08-23,14606442028750.7
2014-08-24,15090795783024.9
2014-08-25,13361115456462.5
2014-08-26,12117605744066.6
2014-08-27,13126770231880
2014-08-28,13270673827585.9
2014-08-29,14034262506209.5
2014-08-30,15444331184769.2
2014-08-31,15458354946525.8
2014-09-01,14400634837643.4
2014-09-02,12766205552959.6
2014-09-03,12259917667430.8
2014-09-04,12095145384977.8
2014-09-05,12310986108655.9
2014-09-06,14844179662149.7
2014-09-07,14561715780343.3
2014-09-08,12375866106770.5
2014-09-09,12244134399322.1
2014-09-10,12022383590834.5
2014-09-11,11943856095413.5
2014-09-12,12123559084530.5
2014-09-13,14406705444852.1
2014-09-14,14363576597406.2
2014-09-16,12005654636654.2
2014-09-17,11572039453639
2014-09-18,11430137227357.7
2014-09-19,11999793808566.8
2014-09-20,14318574079618.7
2014-09-21,13749422551770.8
2014-09-22,11496813731669.1
2014-09-23,11182929263001.6
2014-09-24,11073537216316.8
2014-09-25,11036185726696.7
2014-09-26,10992162194272.7
2014-09-27,12996667534203
2014-09-28,13681552918208.4
2014-09-29,11086884467853.4
2014-09-30,10515016110014.4
2014-10-01,12149976509587.9
2014-10-02,11494109741683.6
2014-10-03,13141823159298.8
2014-10-04,15036270336983.7
2014-10-05,15120091557087.6
2014-10-06,12712233945341.3
2014-10-07,12495574971513.5
2014-10-08,12021496985032.6
2014-10-09,11569355717180.3
2014-10-10,12337603035883.7
2014-10-11,14304186575662
2014-10-12,14211669856289.7
2014-10-13,12177176552533.1
2014-10-14,11536240227068.5
2014-10-15,11760040772901.7
2014-10-16,11465254797251.5
2014-10-17,12155406492700.5
2014-10-18,13793807898380.2
2014-10-19,13978409142717.7
2014-10-20,12089481515530.6
2014-10-21,12004334934351.4
2014-10-22,12368404620644.6
2014-10-23,12445815063451.6
2014-10-24,12507036749858.9
2014-10-25,14673353026941.6
2014-10-26,14873119371958.7
2014-10-27,12973872085133.3
2014-10-28,13267825594700.1
2014-10-29,13153118767690.1
2014-10-30,13682128578844.1
2014-10-31,13968974259467.9
2014-11-01,16646452633171.4
2014-11-02,17056599705574.5
2014-11-03,14696580786887.7
2014-11-04,14411667691690.8
2014-11-05,14086903448571.2
2014-11-06,14034476907031.8
2014-11-07,14328427262252.2
2014-11-08,16822531353277.4
2014-11-09,16763005700589
2014-11-10,14008660959573.7
2014-11-11,13234017781691.8
2014-11-12,12392102300108.2
2014-11-13,12661568592239.7
2014-11-14,12735771026259.9
2014-11-15,15570079410153.6
2014-11-16,15829054115017.5
2014-11-17,12980645617269.3
2014-11-18,12899170713385.3
2014-11-19,12986735518609
2014-11-20,13911959164081.1
2014-11-21,13589518316307.7
2014-11-22,14969474157214.5
2014-11-23,16185612927266.4
2014-11-24,13840952536759.9
2014-11-25,17007679684550.5
2014-11-26,15158334903022.2
2014-11-27,15226661935827.5
2014-11-28,15180456991025.9
2014-11-29,17069115483711.3
2014-11-30,17589435207736.4
2014-12-01,14411136137330
2014-12-02,13763348668946.2
2014-12-03,12665507044772.7
2014-12-04,13420967422365.6
2014-12-05,13762213952322.9
2014-12-06,15821657412699.4
2014-12-07,16806267093819.4
2014-12-08,14140906439325.1
2014-12-09,13822039036013.3
2014-12-10,14616184484135.2
2014-12-11,13937089529677.8
2014-12-12,15162534149876.5
2014-12-13,16861901404062.8
2014-12-14,16410602681076.6
2014-12-15,14264455209745.4
2014-12-16,13370018475772.5
2014-12-17,13258515385412.3
2014-12-18,13691582686624.4
2014-12-19,16022573906554.5
2014-12-20,16563746554641.3
2014-12-21,17251561800416
2014-12-22,15123504045611.1
2014-12-23,14527202172733.1
2014-12-24,13627291386228.1
2014-12-25,12788849782960.4
2014-12-26,13693078969587.6
2014-12-27,15146934271853.9
2014-12-28,15294400495452.1
2014-12-29,13606958543533.6
2014-12-30,14047440252503.3
2014-12-31,12579952594958.9
2015-01-01,13429059080806.3
2015-01-02,14869379088398.1
2015-01-03,16582577559023.8
2015-01-04,16366259402460.3
2015-01-05,14335201592067.2
2015-01-06,14711455600130.3
2015-01-07,13915670195951.9
2015-01-08,13179239088794.2
2015-01-09,13992346204546.3
2015-01-10,15759626830374.4
2015-01-11,15994272706050.3
2015-01-12,14031352319384.2
2015-01-13,12767105480362.2
2015-01-14,12780385026996.1
2015-01-15,13241786139474.7
2015-01-16,13921531572090.1
2015-01-17,15166672504113.1
2015-01-18,15780049736984.4
2015-01-19,13923196800364.7
2015-01-20,13175980327680.2
2015-01-21,13638317589248.9
2015-01-22,13204849306646.6
2015-01-23,13774453979392.4
2015-01-24,16439739933735.5
2015-01-25,15782843268866.8
2015-01-26,13622432481873.2
2015-01-27,13091381947551.6
2015-01-28,12533671050412.1
2015-01-29,13050656786290.4
2015-01-30,13434499711697.1
2015-01-31,17087376289396.4
2015-02-01,16775220226897.8
2015-02-02,13658312455265.3
2015-02-03,13333676496841
2015-02-04,13013574537493.6
2015-02-05,13427196862492.5
2015-02-06,13537267143426.2
2015-02-07,16034814284074.1
2015-02-08,16201269508240.1
2015-02-09,13691317742712.8
2015-02-10,13268079767299.5
2015-02-11,12401001031287.5
2015-02-12,12572702592980.4
2015-02-13,13133012388314.5
2015-02-14,14578999920191.8
2015-02-15,15923409599487.3
2015-02-16,13506524218321.8
2015-02-17,12169841389956.3
2015-02-18,13314662665228
2015-02-19,13232073850977.5
2015-02-20,13611252146426.6
2015-02-21,15675957664219.6
2015-02-22,16340784284057.7
2015-02-23,12917488269206.9
2015-02-24,12218143110462
2015-02-25,11447199983546.9
2015-02-26,13357191835162.5
2015-02-27,13120977439797.8
2015-02-28,15846807117809.8
2015-03-01,16346142650779.2
2015-03-02,13120124156546.3
2015-03-03,13135654098635.2
2015-03-04,13003134249119.7
2015-03-05,13692615278744
2015-03-06,13261662981683.3
2015-03-07,15426521232944.2
2015-03-08,15395011970803.8
2015-03-09,13478969283180.5
2015-03-10,12780818836937.4
2015-03-11,12070220087471.4
2015-03-12,12097459431234
2015-03-13,12451295862201.5
2015-03-14,14346723536530.8
2015-03-15,15291533151325.5
2015-03-16,12416687803364.6
2015-03-17,12285641841985.6
2015-03-18,12400694610981.4
2015-03-19,12883856193046.1
2015-03-20,12895057928333.6
2015-03-21,15063040237956.6
2015-03-22,16515315040635.6
2015-03-23,13468645903423.8
2015-03-24,11417484383536.6
2015-03-25,12342639203682.6
2015-03-26,12517741889016.8
2015-03-27,12936639409900.4
2015-03-28,15667747343552.4
2015-03-29,15698603445966.1
2015-03-30,13321896482824.8
2015-03-31,12973614041238.1
2015-04-01,13642346392032.2
2015-04-02,14034487769177.3
2015-04-03,15178002669281.5
2015-04-04,16075120729566.8
2015-04-05,15611468371016.3
2015-04-06,14713694804063
2015-04-07,12941509767693.8
2015-04-08,12668393592450.8
2015-04-09,12750400805653.6
2015-04-10,12129002940459.3
2015-04-11,14201716907807.2
2015-04-12,15161379444961.5
2015-04-13,12189576419317.5
2015-04-14,12296380336570.1
2015-04-15,11613549121125.8
2015-04-16,12101416312107.3
2015-04-17,12420243278121.2
2015-04-18,14495390434833.4
2015-04-19,14401073655847
2015-04-20,12771825411494.1
2015-04-21,13183967968978.1
2015-04-22,13142488429818.1
2015-04-23,12256475188343.5
2015-04-24,12603868036232.8
2015-04-25,15353743838543.7
2015-04-26,14864387336931
2015-04-27,12796362357825.8
2015-04-28,13064132136752.6
2015-04-29,13251400968462.2
2015-04-30,13266113163982.6
2015-05-01,15988179780116.8
2015-05-02,16519787198261.5
2015-05-03,16280028870559.3
2015-05-04,15256702605316
2015-05-05,14356434264519.1
2015-05-06,15766998466856.5
2015-05-07,13256621119358.8
2015-05-08,13742275551552.2
2015-05-09,15917001590399.1
2015-05-10,15648240422044
2015-05-11,13783315447234
2015-05-12,12841525629404.4
2015-05-13,12533744155682.2
2015-05-14,13528049882366.8
2015-05-15,14059263287947
2015-05-16,15388800575291.5
2015-05-17,15725650394271.1
2015-05-18,13547877877397.5
2015-05-19,12584010458052
2015-05-20,11980524464394.2
2015-05-21,13180491257371.8
2015-05-22,12904661648876.6
2015-05-23,14486506198468.8
2015-05-24,14818939954230.7
2015-05-25,14743713029517.5
2015-05-26,12483910833252.4
2015-05-27,11985998778012.1
2015-05-28,12380884487069.2
2015-05-29,12647815515057.3
2015-05-30,14228972061999.1
2015-05-31,15489588372612.4
2015-06-01,12847633385439.7
2015-06-02,13068967255912.3
2015-06-03,13269495648629.7
2015-06-04,13125690170900.3
2015-06-05,12678514717585.8
2015-06-06,14146104620256.3
2015-06-07,14216297582014.9
2015-06-08,12477483090363.5
2015-06-09,12086328397108.8
2015-06-10,11756318403753.6
2015-06-11,11847100498679.4
2015-06-12,13056650389171.1
2015-06-13,14032994637687.6
2015-06-14,14557750376236.3
2015-06-15,12443510100075.2
2015-06-16,11825922325639.6
2015-06-17,11523112720293.5
2015-06-18,11584417698980.1
2015-06-19,10762290285090.9
2015-06-20,12756745395161.5
2015-06-21,12233162424402.3
2015-06-22,11147914951818.1
2015-06-23,11842583955734.7
2015-06-24,11766759850961.8
2015-06-25,11640096259931.4
2015-06-26,12263740396880.4
2015-06-27,13418379355162.6
2015-06-28,14717312806968.1
2015-06-29,11757479895634.9
2015-06-30,11863166184259.9
2015-07-01,11343651188064.7
2015-07-02,11557328538304.5
2015-07-03,12184712369765.6
2015-07-04,12719213590881.2
2015-07-05,13110021996442.8
2015-07-06,11872892161971.8
2015-07-07,11718184885619
2015-07-08,12066879563841.2
2015-07-09,11693063866022.9
2015-07-10,12037158762394.3
2015-07-11,13086946293216.1
2015-07-12,14311014528273
2015-07-13,12861355361489.6
2015-07-14,11936181697536.8
2015-07-15,5821822023443.3
2015-07-16,13392219043490.1
2015-07-17,12474775140673.3
2015-07-18,14600055377038.6
2015-07-19,15000886280834.3
2015-07-20,12619766167596.7
2015-07-21,12334689530525.2
2015-07-22,11695969408417.5
2015-07-23,12237119117477.8
2015-07-24,12729490506400.5
2015-07-25,14152512395725.6
2015-07-26,14509652493760.4
2015-07-27,13223588404652.9
2015-07-28,12704192696628.9
2015-07-29,12347364414620.9
2015-07-30,12570456847640.9
2015-07-31,12571176304687.3
2015-08-01,14921360799223.4
2015-08-02,14885134632780.6
2015-08-03,13230253598948.6
2015-08-04,12694493841269.6
2015-08-05,11948886035540.7
2015-08-06,12050221015656.6
2015-08-07,13289454548322.3
2015-08-08,14979681282852.4
2015-08-09,15123344999220.9
2015-08-10,13246131087612.5
2015-08-11,12436699206153.8
2015-08-12,11784812181674.8
2015-08-13,11766804037739.8
2015-08-14,12665942370950.2
2015-08-15,14331556652816.8
2015-08-16,15770848890785.1
2015-08-17,12518583564241.4
2015-08-18,12295772100940.7
2015-08-19,12195739025512.9
2015-08-20,12251874182622
2015-08-21,12044321591136.1
2015-08-22,14252958839282.1
2015-08-23,14989840118739.3
2015-08-24,12979476514493
2015-08-25,12595583908792.1
2015-08-26,13239279316451
2015-08-27,12894557219803
2015-08-28,13189160799623
2015-08-29,15166862251520.1
2015-08-30,16570579875058.6
2015-08-31,14414118909536.7
2015-09-01,13825141518585.1
2015-09-02,12954621143195.8
2015-09-03,12379587139972.7
2015-09-04,13691939064069.8
2015-09-05,15194585337328.1
2015-09-06,15015585675630.4
2015-09-07,14838399207977.5
2015-09-08,13268309372079.8
2015-09-09,12600627165781.8
2015-09-10,12677070246924.1
2015-09-11,13561031442074.6
2015-09-12,15833463877949.5
2015-09-13,15698501985116.3
2015-09-14,13755016525015.2
2015-09-15,13891392243448.7
2015-09-16,13606842964219.9
2015-09-17,13780853972473.3
2015-09-18,14239826754648.6
2015-09-19,15937441761064.7
2015-09-20,16466345515710.9
2015-09-21,13341004044779.1
2015-09-22,12795962161906.9
2015-09-23,12700029716319
2015-09-24,12491387518605.3
2015-09-25,14233722963598.4
2015-09-26,15518432723175.1
2015-09-27,15022048145917.8
2015-09-28,13028112230744.3
2015-09-29,13860844547278.5
2015-09-30,14405008954485.6
2015-10-01,13879993837518.7
2015-10-02,15609995804605.4
2015-10-03,17779459022550.9
2015-10-04,17333289701198.9
2015-10-05,14537298644254.6
2015-10-06,13145923515966.3
2015-10-07,12851672179428.1
2015-10-08,13160608050598.3
2015-10-09,13011063688386.7
2015-10-10,15368482091851.4
2015-10-11,15476791740688.4
2015-10-12,13087791471087.2
2015-10-13,12827828052466.6
2015-10-14,12753506463459.6
2015-10-15,13101675543345.5
2015-10-16,13141564384840.9
2015-10-17,15785926738512.2
2015-10-18,16119455466955.1
2015-10-19,13489535657117.7
2015-10-20,14306249818887.6
2015-10-21,14713578619502.5
2015-10-22,14852564123836.1
2015-10-23,14403655087490.6
2015-10-24,16794797065752.2
2015-10-25,17313694978298.9
2015-10-26,14904320666671.3
2015-10-27,14707366773067.7
2015-10-28,14194404165037.5
2015-10-29,14108672346772.3
2015-10-30,14385419960790.4
2015-10-31,16879894245796.5
2015-11-01,17211103444929.5
2015-11-02,14104781500399.2
2015-11-03,12491002205903.9
2015-11-04,13382084540921.5
2015-11-05,12801129988090.5
2015-11-06,13874937957346.9
2015-11-07,16237613742313.4
2015-11-08,16421931080589.2
2015-11-09,12820169597860.4
2015-11-10,11987619621791.7
2015-11-11,12090515351990.6
2015-11-12,11739255293516.1
2015-11-13,11984389546315.8
2015-11-14,14243682975783.1
2015-11-15,14094505604203.6
2015-11-16,11736671362497.5
2015-11-17,12337074637407.2
2015-11-18,11680199927117.5
2015-11-19,12045932379021.8
2015-11-20,13100519131836
2015-11-21,15090990818639.5
2015-11-22,14437701562026.2
2015-11-23,12100234626125.7
2015-11-24,11800593408989.7
2015-11-25,13966701647024.7
2015-11-26,15210534490594.4
2015-11-27,15011258865356.5
2015-11-28,16640906480400.6
2015-11-29,16756506611487.5
2015-11-30,14349824295054.6
2015-12-01,12702984206415.6
2015-12-02,12488144343515.2
2015-12-03,12201962361908.2
2015-12-04,12599364131452.7
2015-12-05,14954917720737.9
2015-12-06,15720953814760.2
2015-12-07,12724198165122.9
2015-12-08,14438950692123.4
2015-12-09,14977764217657.1
2015-12-10,14924867623473.5
2015-12-11,14975000811314.7
2015-12-12,16872400144886.1
2015-12-13,17497013838486.4
2015-12-14,14698235062335.3
2015-12-15,13984591981493.9
2015-12-16,13445282066278.6
2015-12-17,14138847569160.2
2015-12-18,14975742630113.4
2015-12-19,17566825893433.3
2015-12-20,16432357032426.6
2015-12-21,14829423532109.2
2015-12-22,14839160673739.2
2015-12-23,15178028126330.4
2015-12-24,14173775050707.8
2015-12-25,13286113078201.8
2015-12-26,15129254403142.2
2015-12-27,16252821435722.1
2015-12-28,15640814262948.2
2015-12-29,15542012307241.3
2015-12-30,15657591790508.2
2015-12-31,13743409888579.8
2016-01-01,15345952091198.6
2016-01-02,16852921814234.3
2016-01-03,17226879559861.3
2016-01-04,15208870306988.4
2016-01-05,15201612789674.5
2016-01-06,15189325167398.6
2016-01-07,14759558696482.5
2016-01-08,15766681693568.1
2016-01-09,17503074909772.2
2016-01-10,17937631456456.1
2016-01-11,14976422952369.7
2016-01-12,14603328343409.5
2016-01-13,14044289224125.1
2016-01-14,14373936534912.7
2016-01-15,14827766628220.5
2016-01-16,17478346998110.4
2016-01-17,17547482782705.3
2016-01-18,15489701297666.7
2016-01-19,14308751927493.7
2016-01-20,15499689072018.9
2016-01-21,14708668611452.2
2016-01-22,16021695536909.5
2016-01-23,18040430310761.9
2016-01-24,17715971379378.6
2016-01-25,15527346681800.7
2016-01-26,15375143315210
2016-01-27,14228545650094.5
2016-01-28,14883486784542.9
2016-01-29,17123519146649.6
2016-01-30,18654103613852.7
2016-01-31,19791699908712
2016-02-01,15645187389686.7
2016-02-02,14800358876943.2
2016-02-03,14790889324480.8
2016-02-04,16311329617497.4
2016-02-05,16269065204448
2016-02-06,19187491108635.7
2016-02-07,19551655701322.4
2016-02-08,15295661829205.6
2016-02-09,80759963317955.7
2016-02-10,71299473786021.5
2016-02-11,54943278719365.2
2016-02-12,50575688640565.3
2016-02-13,54536195341898.2
2016-02-14,51278913636757.6
2016-02-15,40167953155509.3
2016-02-16,36736261196948.7
2016-02-17,31423642402614.6
2016-02-18,30767912189143.3
2016-02-19,32916765028805.6
2016-02-20,37820885007551.6
2016-02-21,37104197786927.2
2016-02-22,31181232191998
2016-02-23,30754337572930.9
2016-02-24,27041493555229.2
2016-02-25,30671013983764.7
2016-02-26,24415164209181.4
2016-02-27,37841349251147.1
2016-02-28,35944623757939.4
2016-02-29,17124106382556
2016-03-01,31005098317932.7
2016-03-02,25603699355681.2
2016-03-03,28092870763483.5
2016-03-04,28792968128286.7
2016-03-05,34502399352970.2
2016-03-06,33540967066130.9
2016-03-07,26321854833369
2016-03-08,25797466328118.2
2016-03-09,23676553025725.3
2016-03-10,23236891623222.1
2016-03-11,25503172102324.8
2016-03-12,30936638041382.7
2016-03-13,28231154324836.6
2016-03-14,24208263465908.5
2016-03-15,25202112495928.2
2016-03-16,23078682909945.9
2016-03-17,22569571025512.1
2016-03-18,26997592135271.2
2016-03-19,31401332206750.9
2016-03-20,31115909668164.9
2016-03-21,25950950097376.8
2016-03-22,22636048754502.6
2016-03-23,23982397155689
2016-03-24,25355568424609.6
2016-03-25,26937851730071.6
2016-03-26,31159507118288.3
2016-03-27,29823663714047.5
2016-03-28,28370193536214.4
2016-03-29,26924770511890.3
2016-03-30,24990237217514.9
2016-03-31,27081132847015.1
2016-04-01,30298797957500.5
2016-04-02,34612431624855.5
2016-04-03,33533223281961.8
2016-04-04,28950847900998.2
2016-04-05,25270755792080.1
2016-04-06,26253643012131
2016-04-07,26779049650126.9
2016-04-08,25985925490439.4
2016-04-09,30112333864938.2
2016-04-10,32315097810179.7
2016-04-11,24682662695435
2016-04-12,23907087242819.6
2016-04-13,23750947380720.2
2016-04-14,22521701948600
2016-04-15,25318455823450.7
2016-04-16,27643207053830.9
2016-04-17,28660770025559.8
2016-04-18,22220784217696.7
2016-04-19,22639602757743.1
2016-04-20,23908160748483.9
2016-04-21,23638127185404.6
2016-04-22,24617603470780.7
2016-04-23,29765823959712.9
2016-04-24,31540804811149.6
2016-04-25,25798795582404.2
2016-04-26,24902496966079.7
2016-04-27,48982713754597.9
2016-04-28,34330932475522.2
2016-04-29,31724894969096.4
2016-04-30,35218735291604.6
2016-05-01,31853400147490.9
2016-05-02,28755320902610.2
2016-05-03,26260325684419.2
2016-05-04,24153764564216.4
2016-05-05,25327879896876.4
2016-05-06,24440912312591.3
2016-05-07,27170090847586.2
2016-05-08,27832110802022.1
2016-05-09,23980473407555
2016-05-10,22284487668104.3
2016-05-11,22945665836026.2
2016-05-12,21965828424655.3
2016-05-13,22250833983066.7
2016-05-14,25690189478007.5
2016-05-15,28011812395673.5
2016-05-16,24582685233029.7
2016-05-17,21813420009848.8
2016-05-18,22222220473696.3
2016-05-19,21385876243031.2
2016-05-20,20667122632802
2016-05-21,26378574620602.8
2016-05-22,25804680610494.2
2016-05-23,21359332408983.3
2016-05-24,20657520727465.4
2016-05-25,20932101391703.7
2016-05-26,22110195121912.9
2016-05-27,22184738409582.4
2016-05-28,23194921595225.5
2016-05-29,23820683382668.1
2016-05-30,22869772660402.7
2016-05-31,20123434098397.9
2016-06-01,21359739999478.6
2016-06-02,22181634982189.3
2016-06-03,22430360182370.3
2016-06-04,25804063118308.8
2016-06-05,25802563562444.7
2016-06-06,21073010954733.5
2016-06-07,19243218403268.7
2016-06-08,20404122425450.5
2016-06-09,19783122946249.9
2016-06-10,20501073458761
2016-06-11,23442410873001
2016-06-12,25088354305029.4
2016-06-13,19886207311299.8
2016-06-14,20496549383860.4
2016-06-15,19853022590194.9
2016-06-16,18626802551734.6
2016-06-17,19673638563745.1
2016-06-18,21459576337851
2016-06-19,23040963238563
2016-06-20,17856110811353.2
2016-06-21,18910837460228.3
2016-06-22,18406431393223.3
2016-06-23,18195357278491.6
2016-06-24,18510679759570
2016-06-25,20671791963893.6
2016-06-26,22269013122004.1
2016-06-27,18749105404452.1
2016-06-28,20831432654164
2016-06-29,19134856492968.4
2016-06-30,20254140351050.1
2016-07-01,22615082485266.6
2016-07-02,22894106366535.9
2016-07-03,22636108111388.3
2016-07-04,20107734537284.5
2016-07-05,19905191601717.9
2016-07-06,18422170941808.9
2016-07-07,17964618789988.1
2016-07-08,19343109735494.1
2016-07-09,21437660285079.3
2016-07-10,21093739991571.7
2016-07-11,17948448915527.3
2016-07-12,17572974679941.9
2016-07-13,16809374315392.5
2016-07-14,16620882595208.9
2016-07-15,17930809290423.6
2016-07-16,19603382547917
2016-07-17,20742167477566.4
2016-07-18,17177236469462.2
2016-07-19,17523529527314.4
2016-07-20,16871070319257.1
2016-07-21,16076203720547.6
2016-07-22,16499339351676.3
2016-07-23,19623028358014.2
2016-07-24,19683245850308
2016-07-25,16641070638773.8
2016-07-26,18369091294854.9
2016-07-27,17247347214021.2
2016-07-28,20974169740596.4
2016-07-29,19421073705375.5
2016-07-30,22627473703912.4
2016-07-31,22450359463867.8
2016-08-01,19173731108035.6
2016-08-02,18121095514616.3
2016-08-03,18021674119128.5
2016-08-04,17535253738055.5
2016-08-05,17418534554378.8
2016-08-06,19893124054751.8
2016-08-07,19801965049669.6
2016-08-08,17188647375475.9
2016-08-09,15907245087302.8
2016-08-10,16102563141539.3
2016-08-11,16769452015710
2016-08-12,19178021085437.3
2016-08-13,20432410734621.8
2016-08-14,20448313151389.5
2016-08-15,18076509151276.1
2016-08-16,17898389304775.6
2016-08-17,17446771482810.4
2016-08-18,17282706643254.8
2016-08-19,19791654130681.1
2016-08-20,21102015329505.3
2016-08-21,22708607094562
2016-08-22,18867108676101.9
2016-08-23,19018957417629.5
2016-08-24,16607375665384.3
2016-08-25,17976492949378.7
2016-08-26,17885096826771.5
2016-08-27,21632853101504.7
2016-08-28,22075111966915.8
2016-08-29,19102006365648.6
2016-08-30,18873469825094.6
2016-08-31,19332424782290.5
2016-09-01,19837910774175.9
2016-09-02,19568998430984.2
2016-09-03,22656534838783.2
2016-09-04,20910336420428.8
2016-09-05,20117259612566.9
2016-09-06,17287497974170.2
2016-09-07,17056951270373.5
2016-09-08,18421787511940.1
2016-09-09,19282339390895
2016-09-10,22449688730497.7
2016-09-11,22022672804782.4
2016-09-12,17949411709319.1
2016-09-13,19468964538888.4
2016-09-14,18604579584345.5
2016-09-15,19460864038688.4
2016-09-16,20329346242411.7
2016-09-17,22521222816298.3
2016-09-18,23215149150025.6
2016-09-19,19356373528207.7
2016-09-20,17901369816351.7
2016-09-21,18586405068702.5
2016-09-22,18235718469792
2016-09-23,18285595277031.6
2016-09-24,22118430364026.1
2016-09-25,22844453160833.5
2016-09-26,18496317661875.9
2016-09-27,18828279358771.2
2016-09-28,19769483490003
2016-09-29,19736568476281.3
2016-09-30,21193963028158.2
2016-10-01,24780529804011
2016-10-02,24146767415504.7
2016-10-03,20374240116259.8
2016-10-04,20920182178426.8
2016-10-05,20105652107668.5
2016-10-06,21036950451852.6
2016-10-07,21491331772343.9
2016-10-08,23591547933062.6
2016-10-09,24398751256126.8
2016-10-10,20812143068557.6
2016-10-11,19666267577515.3
2016-10-12,20417463344977.1
2016-10-13,19319042008224.2
2016-10-14,22179329696557.5
2016-10-15,24065319612530.8
2016-10-16,23843722037714.5
2016-10-17,19649952514895.4
2016-10-18,19319715812142.8
2016-10-19,20626990954881.1
2016-10-20,20764926873005.4
2016-10-21,17432501049607.3
2016-10-22,23951968928400.9
2016-10-23,23547946120971.5
2016-10-24,19462449696804
2016-10-25,19388130218435
2016-10-26,18872566749692.1
2016-10-27,19611229737167.3
2016-10-28,21029325006463.8
2016-10-29,23126852651999.4
2016-10-30,23958346185927.8
2016-10-31,20603601665047.1
2016-11-01,21226275921827.6
2016-11-02,20424196085166.1
2016-11-03,21386530540017.1
2016-11-04,21856687874797.7
2016-11-05,24227296740426.4
2016-11-06,26143958786864.7
2016-11-07,21024022501939.3
2016-11-08,19488207198290.4
2016-11-09,18854449684167.5
2016-11-10,19365437644393.3
2016-11-11,22206352853292
2016-11-12,25602498940814
2016-11-13,25247761581290.2
2016-11-14,23065929495616.6
2016-11-15,34777417066319.8
2016-11-16,29014622428055.7
2016-11-17,26075359658445.9
2016-11-18,26438918270303.2
2016-11-19,29765204102029.9
2016-11-20,31467827260660.1
2016-11-21,26542858960889.7
2016-11-22,26114140491014.5
2016-11-23,24610532020775.9
2016-11-24,29432337159620.2
2016-11-25,35138423063015.8
2016-11-26,35899476132377.5
2016-11-27,36367543903538.5
2016-11-28,28664403306965.5
2016-11-29,26919200154147.2
2016-11-30,26329309407565.4
